,city,country,lat,lng,temp,humidity,cloudiness,wind_speed
0,constitucion,mx,17.437637905726717,-122.9093625527269,73.78,100,68,16.82
1,berezovyy,ru,51.969478161930574,134.99506326837908,18.43,50,68,5.3
2,souillac,mu,-63.225670703128436,77.84678277565453,33.1,98,68,32.14
3,ushuaia,ar,-58.85986760320072,-53.41379330814923,36.07,100,44,21.52
4,durango,us,37.63203383069071,-107.5882589592195,33.35,77,1,4.7
5,barentsburg,sj,85.6651638337603,4.2535061256945,4.12,90,80,36.73
6,isangel,vu,-20.142255286030096,169.9189535776876,81.88,100,0,14.47
7,cape town,za,-52.51596532260954,-7.050183090595407,38.68,93,92,16.15
8,tuktoyaktuk,ca,72.18266415142745,-127.6631876786,-0.83,68,44,6.64
9,ligayan,ph,3.57111715176789,119.5758504446847,83.59,100,0,16.49
10,kieta,pg,-1.65270577700537,157.29102650686994,81.88,100,80,4.63
11,osorno,cl,-40.61992725489441,-73.6405181343929,51.82,100,92,6.87
12,illoqqortoormiut,gl,81.52265903328785,-13.604594417133288,-11.18,74,64,36.62
13,zhigansk,ru,68.38863855749526,120.98816645534484,-9.2,33,36,4.74
14,chiredzi,zw,-21.702643772417304,31.895027432873032,67.3,99,92,16.26
15,georgetown,sh,-12.073464669294427,-17.617618709404635,76.93,100,92,13.69
16,oranjestad,aw,13.823694118525767,-71.09509270137751,79.63,97,68,22.86
17,gamboula,cf,4.721132722277251,15.018587728022615,68.47,96,20,6.76
18,hithadhoo,mv,-10.0799918794582,74.20145455983484,82.51,100,8,15.03
19,mataura,pf,-70.2438777421339,-144.59952592550124,33.1,87,92,32.48
20,rupert,us,43.018003582053296,-113.83026393656472,36.1,85,90,9.17
21,bajil,ye,15.285187289482877,42.999078116965876,80.53,56,56,4.29
22,busselton,au,-80.96286917080543,85.10517815284848,-73.37,0,0,7.43
23,punta arenas,cl,-87.15177654488099,-94.4173084449859,-33.59,44,44,12.8
24,cabo san lucas,mx,18.611495492980836,-113.25575010397458,74.41,100,0,15.48
25,hun,ly,27.859800574668146,15.712251755370506,69.37,26,36,19.51
26,bredasdorp,za,-71.33146286380831,26.162442237432565,14.74,75,12,18.72
27,viedma,ar,-46.344795296851025,-58.337945995253556,58.12,100,92,22.3
28,juneau,us,58.52298835273483,-132.14975230365047,18.25,76,0,1.72
29,miyako,jp,39.84850914325892,143.08473864423686,37.96,100,0,11.34
30,taolanaro,mg,-63.85604267604047,58.12709046833207,33.28,95,64,25.55
31,vila velha,br,-23.96383518105255,-31.5588469639517,79.9,100,64,19.73
32,ponta delgada,pt,30.187066817405338,-27.208749604029695,64.24,100,0,2.28
33,nikolskoye,ru,50.8753339857701,172.06562222921718,34.9,100,44,24.87
34,hobart,au,-56.26213310560571,151.51841449219788,42.28,90,68,22.97
35,avarua,ck,-44.48684023550756,-162.32401731717087,58.21,100,0,23.98
36,camacha,pt,34.84967564638458,-12.835136833657616,61.9,100,24,22.19
37,makung,tw,22.592182802290637,118.62395893615998,70.54,100,0,20.96
38,port elizabeth,za,-81.1637805885437,36.32186956297398,-63.74,0,12,12.68
39,rikitea,pf,-73.35909125310688,-135.47379490804,31.84,90,92,29.46
40,qaanaaq,gl,87.75923851108115,-68.203709033451,-17.93,53,24,13.02
41,kashi,cn,38.3105424445023,75.34253104640341,11.5,90,0,1.83
42,albany,au,-66.09313685148128,117.69357842989365,12.85,99,68,22.53
43,lebu,cl,-36.49709559990237,-82.05675728147156,61.9,100,44,23.98
44,saint george,bm,31.87017975812225,-49.646142146095855,67.48,100,68,20.29
45,pyapon,mm,16.33884148305053,95.59727315747058,92.23,58,0,1.83
46,balikpapan,id,-1.4423139288212927,118.05537005202672,83.86,100,0,10.67
47,cidreira,br,-60.49485269805529,-19.20594429073676,34.81,98,88,14.7
48,fairbanks,us,70.2285170773908,-142.66679485193683,-7.61,83,90,12.75
49,mglin,ru,53.28002367196404,32.618211200925145,10.06,81,92,17.27
50,bluff,nz,-59.36752007533197,164.70072839073464,41.11,92,92,26.33
51,vaini,to,-53.95507230261426,-173.81928732004542,46.51,100,76,19.28
52,lavrentiya,ru,71.4680815879626,-173.27843932857445,-5.6,71,56,26.55
53,dharchula,in,31.96237874138637,81.42315914597856,17.53,47,36,6.87
54,poso,id,-0.5275998578149255,120.81281382300311,85.84,100,0,5.41
55,diego de almagro,cl,-26.57658460499155,-69.34593632094865,47.68,94,0,1.61
56,cockburn town,tc,22.647036146104664,-70.82657254821393,73.33,100,92,11.79
57,garmsar,ir,34.86436191923635,52.059108237524406,61.36,53,0,7.76
58,luanda,ao,-9.83566119765576,12.01334188987891,82.06,100,80,3.51
59,amontada,br,-3.2036258489882243,-39.86324915460353,79.09,100,0,5.86
60,kapaa,us,30.267342025340973,-174.4001955568828,63.16,100,76,30.13
61,borovikha,ru,53.617518109569936,83.88867965181925,14,85,32,4.47
62,port alfred,za,-87.36857435503316,52.25828488246013,-64.55,0,32,4.74
63,faanui,pf,-7.470929408567773,-150.56574742650906,82.42,98,92,17.72
64,qasigiannguit,gl,67.03149614476351,-50.682727760975915,-13.01,75,24,9.17
65,bielsko-biala,pl,49.6385659403827,19.197069561210874,26.58,80,75,8.05
66,new norfolk,au,-70.92177522236757,129.20877149182658,-47.09,0,0,16.04
67,arraial do cabo,br,-41.241454583988315,-31.0666382557174,63.97,100,80,17.6
68,brigantine,us,38.390293027062135,-73.11454821093697,43,100,0,28.12
69,xuddur,so,4.375611580027555,45.06785076349171,79.54,68,8,6.2
70,bambous virieux,mu,-32.16460186662697,82.32816442340093,68.2,100,76,20.62
71,atuona,pf,-12.286574018470947,-134.92376516856808,80.17,100,80,20.4
72,yellowknife,ca,69.91357060939212,-117.98606458938563,7.63,84,48,17.83
73,kavaratti,in,12.226190781104663,72.77923274395117,81.7,100,68,7.09
74,carnarvon,au,-22.961423721941987,105.50811102934001,76.3,100,0,21.41
75,mar del plata,ar,-51.211197577771436,-47.093099659311726,46.06,92,0,22.19
76,mayo,ca,66.48309650950807,-141.26330944988007,20.5,93,92,2.73
77,chunskiy,ru,55.81922906167961,100.05473654133047,29.68,76,92,6.98
78,mahebourg,mu,-36.52558583990964,69.04746640041613,66.13,100,68,11.9
79,marcona,pe,-17.78569798794353,-77.26643211476917,72.61,100,32,13.13
80,tasiilaq,gl,52.33595253874405,-33.04619060451272,41.02,100,68,0.83
81,khatanga,ru,68.74806158461018,100.71709370603226,-12.71,77,36,4.97
82,broken hill,au,-29.132570251682406,140.68098492859312,102.76,20,0,15.82
83,coihaique,cl,-43.59937253551658,-70.77124198906779,34.81,91,64,2.62
84,rapid city,us,44.14949261675477,-103.26893644242683,19.85,100,1,6.42
85,dikson,ru,81.71787814417092,73.01896784053108,-13.16,84,36,11.9
86,port-gentil,ga,-1.5191579063179605,7.22924582792885,81.7,100,88,12.35
87,jamestown,sh,-25.021102759181094,-16.31006411882195,76.84,100,0,15.26
88,burica,pa,6.730521143594343,-82.87415137185356,84.31,99,0,9.22
89,kaili,cn,27.238594561986748,108.02213293013145,61.81,99,92,8.66
90,mafinga,tz,-7.0488082537981605,34.73574864253644,67.66,100,92,4.52
91,altamira,br,-3.6800761693481765,-52.9495279463498,72.7,97,80,2.17
92,thompson,ca,66.98917767436237,-91.88223617931378,-38,0,12,3.18
93,talnakh,ru,76.38685489595063,87.39519550813722,-13.16,84,8,4.18
94,hermanus,za,-54.1243893328315,9.264558569967559,36.61,93,92,18.05
95,alofi,nu,-24.97923313073542,-167.33462279948853,77.2,100,76,9.44
96,iqaluit,ca,65.63954445915012,-74.50012503589228,-6.05,73,68,17.72
97,lorengau,pg,13.822936872234305,150.13319126822879,79.36,100,56,15.7
98,geraldton,au,-29.39569461216041,104.78244348653583,67.66,100,24,15.48
99,general jose eduvigis diaz,py,-27.186918990321963,-58.33060184014626,78.8,88,68,6.93
100,swan river,ca,52.36226800851169,-101.0356671683997,18.34,78,0,7.31
101,khandyga,ru,65.13207174928338,138.83406001590555,-5.42,61,56,3.74
102,port lincoln,au,-37.018634495457974,135.56226056213646,66.04,98,88,26.89
103,antofagasta,cl,-23.3515686242468,-73.20435607216325,67.84,100,92,12.24
104,fort smith,us,34.73811679180594,-94.20764504182594,53.74,57,1,5.53
105,najran,sa,17.28789181368655,46.877003451070216,73.4,43,20,9.17
106,east london,za,-83.61286488925026,59.29996384584754,-78.32,0,0,10.45
107,saleaula,ws,-9.386583758807891,-172.72950816438393,82.33,100,0,7.99
108,carballo,es,44.79156353995315,-10.117585009430151,50.11,100,68,14.14
109,koygorodok,ru,60.11875655693873,51.491899281585916,8.98,63,48,8.66
110,bengkulu,id,-12.980358400804686,93.43521144854772,81.34,100,8,5.3
111,puerto ayora,ec,-17.80913132483524,-102.95525680921826,73.24,100,76,16.49
112,aklavik,ca,67.6988994695509,-139.67704384267867,-1.19,55,24,2.95
113,kalur kot,pk,32.055393041989554,71.36040985515092,81.7,40,0,4.74
114,hambantota,lk,-2.3939332020029624,86.83381941937003,83.14,100,24,7.31
115,valparaiso,cl,-31.970649135194137,-76.97441100182475,66.31,97,92,15.48
116,kerman,us,36.3977804608653,-120.12377161777721,48.49,100,24,3.51
117,sompeta,in,17.651372928432952,85.73632465165198,81.43,99,48,4.63
118,portland,au,-45.197882776374364,136.73585999971445,55.78,97,100,27
119,puerto leguizamo,co,-0.7873237615847117,-73.67309061425821,73.96,95,64,2.51
120,concepcion del oro,mx,24.829061183262656,-101.94616134438705,54.7,28,0,8.43
121,severo-kurilsk,ru,42.07432071256074,162.93523124673277,36.25,100,92,11.01
122,mumbwa,zm,-14.485897931384677,27.298355459576513,67.48,99,8,4.52
123,chuy,uy,-41.79017272009357,-45.58165763694835,65.05,100,20,21.3
124,upernavik,gl,81.38477904907346,-58.32701770959979,-26.3,40,64,2.17
125,antropovo,ru,58.20047559544281,43.20280137854833,-1.91,70,8,8.99
126,mount gambier,au,-39.30587026994277,139.96183117586733,64.96,96,88,16.49
127,castro,cl,-47.955655656404886,-86.36144508919386,48.22,100,36,17.72
128,bodden town,ky,18.618078078095845,-79.93272620597092,79.36,100,8,12.68
129,nizhneyansk,ru,89.4838002527591,137.58124471861984,-18.56,55,36,10
130,margate,za,-38.387153681341374,37.064038613900166,62.44,100,56,22.75
131,coquimbo,cl,-27.64448958769723,-87.3341623358602,70.99,100,92,15.37
132,barrow,us,66.96168559859194,-158.40791772938266,-5.81,70,1,3.29
133,am timan,td,10.28086800754792,21.276917568734927,74.23,17,0,11.01
134,grand river south east,mu,-17.912972362941485,73.0227815590905,77.74,100,100,24.87
135,presidente epitacio,br,-21.372820930418918,-52.71654084073145,72.79,97,12,2.73
136,muros,es,42.72025031460236,-14.492612106375582,54.79,100,92,12.91
137,amderma,ru,75.46585725461077,64.1965156864773,-13.25,83,24,6.31
138,lamu,ke,-3.6787856461749016,43.519843781394506,80.98,100,32,14.25
139,caravelas,br,-22.80428186785646,-29.867964804450274,78.1,100,80,13.47
140,bay roberts,ca,40.219712119645855,-52.40785971066996,60.01,100,0,33.82
141,cherskiy,ru,69.70936182598531,161.95637453865368,-18.56,54,0,14.14
142,honiara,sb,-15.929948772262662,157.10496706512848,84.04,100,64,16.49
143,necochea,ar,-52.27549791761717,-51.92655146652196,44.8,100,80,13.69
144,hilo,us,34.706643460743614,-143.40700530746204,55.69,100,76,1.16
145,butaritari,ki,17.724108510711382,164.86630020335488,77.83,100,8,23.98
146,sokoni,tz,-6.690660549235382,42.743739671423874,82.78,100,36,16.49
147,moerai,pf,-20.94298722525555,-152.23087308994673,71.71,100,92,1.83
148,kangaatsiaq,gl,69.64624379478917,-55.64225480490093,0.7,100,32,30.47
149,tulun,ru,54.26578382562556,100.02687986978138,37.15,72,44,1.72
150,gamboma,cg,-2.020336997328427,15.82115298500903,69.1,100,92,8.43
151,pisco,pe,-18.587432036603946,-84.30580947633484,70.09,100,92,15.48
152,dolbeau,ca,53.235891742666034,-71.99931276361241,-2.9,69,76,23.87
153,longyearbyen,sj,86.62741735299709,19.87447024481465,-4.25,67,24,31.47
154,kindu,cd,-2.359159074847801,26.048548898858087,75.76,80,12,3.18
155,touros,br,-0.47271165735675913,-31.253494578070125,78.64,100,80,4.18
156,geraldton,ca,51.968106869964586,-88.40363575008081,-1.1,67,0,3.62
157,jesi,it,43.510270982938906,13.160543865718964,48.13,100,92,5.41
158,colesberg,za,-30.818510878454187,24.97132123747856,56.95,67,44,7.2
159,rio grande,br,-35.99298903798007,-48.93656537070054,69.01,100,64,8.1
160,haines junction,ca,57.27023799132597,-139.20837414413833,40.66,100,88,7.99
161,wanning,cn,17.063431796567713,114.15070952242706,76.75,100,0,14.81
162,kaitangata,nz,-72.70183515540481,176.9404675002864,21.58,100,48,13.91
163,miranorte,br,-9.46544565237337,-49.143922123172025,69.73,97,64,0.72
164,sao filipe,cv,8.210874151712954,-34.2561522208992,76.66,100,0,16.04
165,nanchang,cn,28.587124062844875,115.61991516780499,63.16,78,76,4.52
166,kirakira,sb,-11.962372772952934,160.73961018980503,83.59,100,56,14.25
167,constitucion,cl,-32.46001122315569,-77.99217500750373,64.6,100,76,13.47
168,narsaq,gl,84.98818102328829,-65.4471401149402,-16.85,50,32,12.24
169,airai,pw,8.139158190732926,135.44201575528055,81.7,100,48,16.37
170,bushenyi,ug,-0.5293524931253768,30.156821023417848,66.67,88,80,4.29
171,tarata,pe,-17.68475296937104,-69.28657778628505,32.83,95,24,4.07
172,mys shmidta,ru,85.80811393230317,-178.167692819157,-7.76,64,56,12.46
173,port blair,in,11.004331686909856,92.75261787756716,83.86,100,0,10.67
174,kibaya,tz,-5.310014364583208,36.68013693454319,64.96,99,76,3.74
175,rio gallegos,ar,-49.91615316634157,-65.46895234961973,52,100,12,17.16
176,bolungarvik,is,67.670316671092,-27.671295351904256,19.15,92,92,25.88
177,chokurdakh,ru,80.13879427541293,150.23080874449712,-10.19,72,76,11.9
178,flinders,au,-35.47572961033476,130.37089711755777,68.29,98,32,33.82
179,ancud,cl,-41.38326396803371,-75.06232234385297,55.96,100,80,7.2
180,bathsheba,bb,18.621958535704508,-45.277867905152206,73.78,100,88,17.16
181,bosanska dubica,ba,45.11862983508388,16.964691177956134,44.6,93,75,1.12
182,mutoko,zw,-17.820934857867655,32.583923362210044,63.7,90,0,3.85
183,saldanha,za,-44.37531369690905,-7.025173769440616,54.7,92,92,21.85
184,ribeira grande,pt,39.10542192608239,-39.91384847584031,64.42,95,44,34.38
185,usinsk,ru,68.77614696129443,57.780614565542066,-6.14,87,64,26.33
186,saint-philippe,re,-54.66839023988324,66.37949574191687,38.77,100,92,12.46
187,cavalcante,br,-13.585607868439574,-47.25310191439833,64.33,93,44,3.29
188,louisbourg,ca,45.84261449710209,-59.43441254256365,28.4,86,75,9.17
189,berlevag,no,86.07639341822026,33.428545290419684,-7.13,77,24,31.03
190,mount isa,au,-22.01272727148145,137.22079733305142,100.51,18,0,5.19
191,contamana,pe,-6.523007979815526,-75.18552924369615,77.56,91,48,1.95
192,acapulco,mx,9.730455009737542,-103.60602978494263,83.41,94,44,8.88
193,mogadishu,so,1.6157691563145182,45.97286212356639,81.34,98,12,16.37
194,alotau,pg,-9.241519847901383,149.75705603291115,82.33,100,88,3.18
195,coahuayana,mx,-0.7195457480096379,-113.92638826876305,76.21,98,44,5.86
196,les cayes,ht,17.297867053046378,-74.86740760971246,79.54,98,0,15.26
197,anadyr,ru,61.947774617349936,174.5892590722266,17.44,100,88,40.09
198,victor harbor,au,-36.016599085615404,138.74697797378107,71.44,86,44,17.83
199,arinos,br,-15.840328721450405,-45.88449916019825,73.78,75,68,2.95
200,vestmannaeyjar,is,52.70846689895505,-22.10959836530778,47.86,100,20,8.43
201,belushya guba,ru,83.98863201282066,42.64339852807693,-6.32,74,44,31.14
202,samarai,pg,-14.983271752150468,154.7909978592383,84.13,98,80,14.81
203,neiafu,to,-18.469109891970813,-174.45653199775853,84.2,74,40,4.7
204,cayenne,gf,16.457547077606915,-42.51558898888857,74.23,100,76,19.28
205,oyama,jp,34.25917790839849,138.6156731937651,54.61,100,0,16.04
206,esperance,au,-33.030548471204625,124.90714616295897,74.86,72,0,22.97
207,codo,br,-4.885678122640139,-43.92239999731816,72.61,97,64,2.51
208,hamilton,us,45.062801598911435,-114.39897561267907,36.3,55,1,3.36
209,korla,cn,38.54876316986789,86.30091766275686,64.6,29,0,4.85
210,tsihombe,mg,-32.39934417455827,46.45733714715664,70.9,100,88,6.42
211,itaquyry,py,-24.657464725647046,-55.134971569503094,75.58,92,0,2.73
212,williamsburg,us,37.24282681513954,-76.68008999755696,35.29,59,1,3.62
213,kidal,ml,17.804133195644564,0.7568975899476849,60.37,31,20,5.64
214,biak,id,-1.6476891459420606,136.76160983326756,83.95,100,24,6.64
215,rawson,ar,-46.676340104981826,-59.315608280562934,54.97,91,64,18.84
216,itarema,br,7.22564249550362,-37.640359129382574,78.01,100,92,16.04
217,komsomolskiy,ru,72.26047848697547,174.20427629250165,-24.14,37,0,12.46
218,roma,au,-28.16253980786326,147.41942036939432,90.61,41,0,8.66
219,piacabucu,br,-16.20964546941568,-30.570178455105964,79.54,100,92,12.46
220,ponta do sol,cv,23.298852290281314,-35.0520290008686,69.82,100,68,13.02
221,shingu,jp,28.93949685576343,136.51971731798415,65.32,100,20,15.82
222,tuatapere,nz,-58.308446663222384,156.70550958980425,40.84,89,92,26.11
223,pauini,br,-7.466344293031665,-67.13941633956458,74.23,92,20,2.62
224,bethel,us,49.631072848513575,-171.03487692400844,39.49,97,92,21.41
225,pokaran,in,26.706642271744034,72.12436201767667,88.54,28,0,4.63
226,victoria,sc,-5.13613660129454,52.612590791631085,81.16,100,36,9.22
227,ovalle,cl,-30.48008210500951,-72.0914614996245,59.11,99,0,11.79
228,aljezur,pt,35.8732097843812,-12.443423625367307,61,98,8,29.8
229,salalah,om,15.970818191252697,53.549193171890295,77.56,100,0,4.18
230,swellendam,za,-33.7579817695057,20.726863009929527,47.5,89,8,2.51
231,aripuana,br,-9.461813245134236,-61.702985867806994,70.9,100,92,2.39
232,deep river,ca,45.48912791046908,-78.0657754114006,20.41,50,0,11.56
233,kavieng,pg,11.10074810361724,154.12792743771158,80.53,100,88,23.09
234,te anau,nz,-42.61728528865178,162.0943741678522,60.37,100,80,13.35
235,vaitupu,wf,-10.320011053886718,-175.26702918532254,83.41,100,44,7.43
236,amapa,br,3.041858817849874,-50.60037485955385,77.2,100,92,6.2
237,yuzhno-yeniseyskiy,ru,59.28434856556877,95.5536088796814,26.71,70,80,3.74
238,dibaya,cd,-7.588488281797745,22.20602200842076,71.44,94,8,3.62
239,olinda,br,-10.152429626990545,-29.734357610912173,80.53,100,80,11.34
240,nuevo progreso,mx,23.02618454836235,-96.04491796360438,76.03,96,64,9.44
241,bandarbeyla,so,8.494548835704974,61.040271957382636,82.51,100,0,8.21
242,aitape,pg,-0.5097806014258555,143.42881660673586,83.14,100,36,7.09
243,samalaeulu,ws,-7.1476739753422045,-168.7892486150372,84.04,97,92,16.04
244,longlac,ca,52.42284644812958,-86.92080811972522,-5.15,68,0,5.97
245,zhanatas,kz,45.32625452465508,70.74495318186689,34.81,100,8,8.66
246,kasempa,zm,-13.893971283744921,26.242004280652907,68.29,95,0,4.41
247,samusu,ws,-12.532589499335451,-165.5817649156112,82.6,100,64,11.45
248,nador,ma,33.60458717945665,-2.692627173813973,36.07,89,32,12.35
249,aanekoski,fi,63.02593600467283,26.208074565673925,7.81,76,0,6.53
250,ahipara,nz,-31.035528894015844,171.76147830950495,72.79,100,92,7.09
251,aparecida do taboado,br,-19.997537809432448,-50.980472136273825,74.41,96,44,5.97
252,ferrol,es,47.36354957324232,-9.77752641221404,51.01,100,88,15.26
253,maarianhamina,fi,60.33041433317362,20.503875777886478,5,84,0,12.68
254,yulara,au,-23.04970185906133,131.10398738544,100.6,10,0,4.63
255,san ramon,bo,-13.696426946071703,-63.03750836459707,72.25,97,20,4.97
256,san patricio,mx,6.11665448608144,-111.34905038061227,79.18,100,92,1.16
257,sakakah,sa,28.95728736920204,40.835061192502096,56.86,36,0,4.74
258,eenhana,na,-16.673585130803026,16.69415885934673,66.85,97,88,5.64
259,ibirama,br,-26.94511957478117,-49.778366114018986,66.94,94,92,3.62
260,lompoc,us,31.41141680412324,-122.76573170445441,58.39,100,36,12.12
261,bac lieu,vn,6.633777257089669,106.7068157162733,80.62,97,48,13.24
262,plettenberg bay,za,-34.01513053851623,23.343021958348068,64.6,100,0,16.71
263,maldonado,uy,-37.40108099021118,-54.637973391952464,69.46,98,0,19.06
264,iracoubo,gf,13.01596642574648,-51.01889062723058,76.57,100,44,17.05
265,tiksi,ru,78.0177329087017,128.59821352936353,-18.2,54,20,12.24
266,durban,za,-30.302494820954074,31.595503009472566,72.43,100,8,18.72
267,sao joao da barra,br,-34.380631002530095,-20.9999476441087,74.05,99,88,22.41
268,kodiak,us,47.07059655349113,-149.30404142053493,46.24,92,92,19.73
269,saskylakh,ru,86.09590644950339,120.62697535237066,-11.9,79,68,2.62
270,outjo,na,-20.162414943293808,15.596187342190435,64.87,89,8,3.62
271,lujan,ar,-33.13002087480994,-69.09915063865024,66.2,55,0,4.7
272,nanortalik,gl,50.02754417987208,-42.51378449784776,48.31,100,0,6.53
273,aksarka,ru,72.3457628052879,67.57625552703387,-9.2,100,20,19.17
274,lydenburg,za,-24.930511597153572,30.765224957381292,60.8,87,92,4.7
275,avera,pf,-20.491543001032717,-154.48581424314284,75.76,100,88,12.8
276,canitas,mx,24.207185760527413,-102.14247604430155,55.6,33,0,10.22
277,zeya,ru,54.89969262696388,127.70175547967082,21.49,58,48,4.18
278,kyaka,tz,-1.2607081471460935,31.203825145122572,66.31,91,68,3.96
279,palmas,br,-10.18773173374197,-47.558463496147674,70.36,95,64,4.52
280,mabaruma,gy,6.653567444698309,-60.4008242117039,72.43,98,64,2.39
281,haibowan,cn,41.785349683545114,107.46004425531262,41.38,85,88,6.98
282,kruisfontein,za,-58.86325623603724,26.31504160864836,34,100,12,28.79
283,baiao,br,-2.4077171786143667,-49.912527382843884,74.68,97,80,2.62
284,hay river,ca,61.41796607437765,-117.44128757185774,15.64,84,8,3.51
285,sentyabrskiy,ru,29.291138377735045,162.25600713092746,69.01,96,68,15.82
286,biharamulo,tz,-2.7815785785818683,31.266780385511904,66.58,88,92,4.18
287,general artigas,py,-26.966836096563565,-56.12166154479378,77,88,0,4.63
288,zirandaro,mx,18.314316499654268,-101.15851307572449,60.91,77,0,1.95
289,ostrovnoy,ru,76.53675052548668,43.8074605484933,24.64,100,48,26.55
290,sambava,mg,-11.679562370045275,54.71312706160798,81.07,100,36,10.89
291,milagro,ec,-2.081446652004616,-79.53884382961834,78.8,88,75,5.82
292,guerrero negro,mx,14.901842674942452,-131.27217638856007,75.58,100,36,17.94
293,svetlyy,ru,49.709452677025226,61.78412966395554,27.7,98,92,11.01
294,mayumba,ga,-4.9793328697237,8.486066139223297,80.62,100,56,8.21
295,taltal,cl,-26.038432955955564,-70.99106664587593,63.52,100,80,6.2
296,road town,vg,18.402396054611117,-64.4593020067442,73.4,94,20,10.29
297,akdepe,tm,41.2117528090987,58.863917926352144,45.7,84,92,5.19
298,palabuhanratu,id,-8.39705921630896,105.13329175813863,82.51,100,0,3.06
299,comodoro rivadavia,ar,-44.744351322997275,-69.3705229633094,35.44,82,8,4.97
300,sitka,us,52.31500463393953,-143.7896520374075,41.92,96,92,12.01
301,hasaki,jp,26.34101984197108,155.38855273237377,72.79,94,12,13.69
302,hukuntsi,bw,-24.439441165336135,21.27339253395036,70.72,39,0,6.98
303,santa vitoria do palmar,br,-33.10909570034942,-53.558665489933034,68.02,96,0,11.45
304,scarborough,tt,11.747638030062152,-60.53358345675177,80.17,96,80,18.05
305,umarkot,in,19.62740220676021,82.0447469880127,79.9,50,100,8.43
306,oranjemund,na,-30.999998200954387,14.53477007733645,69.19,96,0,27.11
307,conceicao do araguaia,br,-7.56905993214867,-49.01083788168675,74.95,93,68,1.61
308,norman wells,ca,63.75232092879123,-127.57014707519797,7.45,64,0,1.72
309,boston,ph,7.813492381206593,126.35442435265682,80.98,100,8,5.41
310,monkey bay,mw,-14.002626600989869,35.1749277383942,72.97,98,12,2.73
311,venado tuerto,ar,-33.36906942028859,-62.45511130328377,63.34,49,0,10.56
312,torbay,ca,46.832988147129434,-52.50266156840414,33.1,98,48,4.97
313,sibu,my,3.069017904908138,110.97019232734968,82.51,100,0,12.57
314,port macquarie,au,-34.52562227675243,157.7179827584381,70.18,100,0,0.94
315,torres,br,-30.891174834619576,-47.866592030489365,73.15,100,88,4.74
316,taoudenni,ml,21.838980727766327,-5.819166664285664,59.02,33,0,12.8
317,yuli,tw,23.37065489205291,122.01600658497955,72.7,100,64,13.47
318,alyangula,au,-16.356764992749003,136.77019770366005,88.72,62,64,13.47
319,laguna,br,-30.811204159453492,-44.15521523775162,72.7,100,80,10.22
320,manhattan,us,38.867386093929944,-96.42450445143109,45.21,75,90,21.63
321,berbera,so,10.366179980719881,45.17358250772635,77.74,60,0,3.62
322,daru,pg,-12.9228302337248,143.36726942755197,77.92,100,88,5.41
323,carutapera,br,-0.04024486493265256,-45.60340356203462,80.89,100,80,16.04
324,westport,ie,54.34432543933529,-12.732898216287186,49.03,100,88,30.13
325,petropavlovsk-kamchatskiy,ru,43.80117870857407,165.08761770583595,35.26,100,92,13.91
326,karratha,au,-16.50263510009629,116.00591348816086,87.64,99,0,4.63
327,alta floresta,br,-10.441285520229025,-58.32267130135169,71.26,99,20,2.17
328,ponta do sol,pt,33.59776887403071,-20.772009692365042,62.98,100,12,17.72
329,chittaurgarh,in,24.815302348578992,74.71812194388946,86.38,33,0,7.43
330,dalby,au,-27.527773707165693,150.17453802092166,86.74,50,0,6.98
331,iquique,cl,-20.18215690459584,-70.95339127207512,71.08,100,0,9.22
332,grindavik,is,54.72337322895047,-26.04004324012671,44.71,100,88,9.33
333,keti bandar,pk,22.00321968106579,65.60766070247548,76.93,100,0,4.85
334,toliary,mg,-22.983762009193242,43.44178490503215,85.03,94,0,6.64
335,fare,pf,-9.847582472171197,-149.25515159561638,83.5,98,68,17.72
336,half moon bay,us,29.066807655943276,-138.72655122520968,62.53,100,12,8.43
337,yerbogachen,ru,64.25477889618591,108.51940005524317,3.58,44,44,8.88
338,bowen,au,-20.621377653111953,147.4217484499963,88.99,41,0,11.01
339,sataua,ws,-12.828539760192168,-172.85113315114654,80.8,100,68,5.53
340,abbeville,us,27.237371947318383,-92.75258945098115,73.4,88,75,12.75
341,karkaralinsk,kz,49.21962719992498,77.04544029910564,26.08,99,68,4.63
342,nguiu,au,-11.528788729946019,127.58622441810923,88,93,24,11.12
343,san antonio,cl,-33.38293300362912,-74.18861899021044,64.6,98,92,16.49
344,bucerias,mx,20.513065945898795,-107.83748854308296,74.23,100,0,13.69
345,krasnoselkup,ru,65.94411415888126,84.79551694557182,-18.11,53,56,6.64
346,waipawa,nz,-45.6499940913396,178.4457827030228,56.23,100,92,10.33
347,tautira,pf,-16.453633200035878,-143.29699385434387,81.97,100,68,17.83
348,fortuna,us,39.072271929346044,-126.8968296392098,51.19,100,92,19.73
349,firminy,fr,45.0413232319954,4.197815997653644,39.2,100,90,2.73
350,asau,tv,-15.912610427362194,179.97072114308756,82.69,100,92,7.76
351,xapuri,br,-10.273637282104431,-69.3813205139484,76.66,88,68,2.51
352,georgetown,gy,8.972759349201612,-57.64726492109264,79.18,100,92,18.39
353,bureya,ru,50.020219208864695,129.76441316437572,35.17,60,0,8.21
354,katherine,au,-16.191650479282924,132.5169404064858,85.03,69,76,13.02
355,omboue,ga,-6.393712931293916,-0.42754892355550966,79,100,56,10.11
356,susanville,us,41.42182647472197,-119.91051097907679,26.6,86,75,2.39
357,chifeng,cn,43.40940324906936,118.10977960929056,42.46,62,56,3.96
358,tsiroanomandidy,mg,-18.970760916560458,45.620515735035966,85.21,45,44,6.64
359,manta,ec,-0.5829620782085954,-80.92358231250455,77,88,75,4.74
360,nuuk,gl,59.592242933225286,-56.47729764858575,37.51,100,88,19.73
361,kargasok,ru,59.01836383882879,81.17384867791989,29.68,71,56,4.18
362,sampit,id,-0.6200953463265291,112.70444702645315,86.74,67,0,2.51
363,monte alegre de sergipe,br,-9.916803783777011,-37.66630340730979,70.27,93,0,6.64
364,muscatine,us,41.65373847738807,-90.9580886411853,33.53,80,90,13.87
365,pevek,ru,73.04067630085298,167.35217441077722,-26.75,42,0,8.77
366,port hedland,au,-17.725091433300015,119.35419561267379,87.91,98,0,9.55
367,corpus christi,py,-24.280379736146298,-55.11242656268653,75.49,91,0,5.3
368,klaksvik,fo,70.86311462534428,-4.403297548648388,31.93,100,88,15.14
369,tessalit,ml,20.58761301788423,1.4140370274315917,61.54,26,32,5.19
370,buala,sb,-1.574450796776098,163.21513875214106,84.76,100,56,7.43
371,tocopilla,cl,-21.55956690089245,-73.4470523059759,69.46,100,76,9.89
372,chapais,ca,49.2213289961349,-74.6054986463358,-0.41,70,75,9.17
373,sangar,ru,63.60116204666734,128.10377795081646,-1.82,47,8,5.41
374,liwale,tz,-10.151631805759305,38.253585569394694,75.4,100,48,4.18
375,maceio,br,-18.38822626275907,-24.339781551135008,78.1,100,68,14.03
376,hofn,is,67.18512973634445,-12.013611220250676,38.59,89,8,20.96
377,bacuit,ph,12.997216962130706,116.40158855404,81.97,99,12,16.26
378,martapura,id,-4.872090504876686,115.36890493249992,77.65,100,48,1.39
379,calbuco,cl,-41.996147183647636,-72.4342481522114,48.94,98,92,2.95
380,bani,do,17.200594984932202,-70.56288798680683,79.09,99,92,13.47
381,vardo,no,74.05307294107023,32.25657487523624,33.91,100,88,37.85
382,khorixas,na,-20.546558171856454,15.162486907912777,64.78,61,44,3.18
383,jutai,br,-5.230353301301465,-69.27307572870771,76.39,84,76,3.96
384,mirandela,pt,41.57703920877466,-7.157363489527581,36.88,94,12,2.73
385,manzil jamil,tn,37.89309476697334,10.159372858434395,56.41,100,36,25.21
386,umzimvubu,za,-39.50015437339129,37.154875720380446,58.75,100,12,23.87
387,pozo colorado,py,-24.299504126440187,-60.54868523158176,76.66,87,0,8.55
388,killybegs,ie,56.14813428986815,-8.714926414929502,44.71,100,48,36.17
389,naryan-mar,ru,68.73868974945248,50.653315273935945,-2.09,100,64,28.34
390,bundaberg,au,-19.572275854442232,156.8943817429414,82.69,100,12,9.44
391,san carlos de bariloche,ar,-41.81212446683506,-71.40835371992438,39.94,100,92,1.83
392,dzilam gonzalez,mx,23.75670115650773,-88.62069564976733,76.03,96,0,14.03
393,yanan,cn,37.27662602280023,109.37969190451446,40.75,79,92,7.87
394,luderitz,na,-32.69438624786938,6.260156674553894,67.66,100,8,9.44
395,jacareacanga,br,-8.237614291712713,-57.57454519418706,73.51,96,20,1.61
396,dingle,ie,53.49630147715283,-17.81645341284176,49.75,100,76,15.14
397,khalkhal,ir,37.58997386044199,48.41581314013961,35.62,89,92,2.28
398,gladstone,au,-21.101148509588075,154.46391543127905,80.26,100,24,11.12
399,maragogi,br,-12.663171809644325,-30.122563096177338,79.81,100,56,12.46
400,calabozo,ve,8.52706016272333,-67.31428640916045,84.85,48,0,17.94
401,da nang,vn,17.14487903281654,109.07643544020874,76.66,97,8,15.82
402,amahai,id,-5.01289861846548,129.57528635295878,79.54,100,92,15.03
403,trairi,br,-1.2371800393975207,-38.14534995926107,83.23,97,0,7.99
404,nicoya,cr,8.186038843812897,-86.94619397891375,79.72,98,8,3.18
405,rosetta,eg,31.853042930587826,30.848178891024325,62.62,100,0,2.95
406,walvis bay,na,-25.231266369906066,7.367317958813359,70.54,100,0,22.86
407,caririacu,br,-6.760202760140399,-39.271754448298914,69.37,93,20,2.95
408,teguise,es,30.95728195628417,-12.445125387240704,61.63,100,92,11.79
409,vostok,ru,51.912405125651354,149.63365083486008,11.86,100,12,29.8
410,vila,vu,-17.464387813361665,168.13187628426405,83.14,100,76,13.24
411,bell ville,ar,-32.43342425774499,-62.41103123809942,62.62,73,0,8.55
412,goundam,ml,16.871731700455808,-4.103775064463171,75.04,41,48,14.81
413,tezu,in,27.823034555224343,96.29939588829548,72.88,73,20,3.62
414,beloha,mg,-35.120870512943135,41.10375732297069,66.4,100,24,21.74
415,rocha,uy,-51.04259794034357,-39.158209756662316,47.41,86,92,27.11
416,saint-georges,gf,3.966790619618037,-51.96433897452011,74.59,98,88,2.95
417,rungata,ki,0.4954539939711522,177.1057373652927,81.88,100,20,8.88
418,kaeo,nz,-28.205414166758363,175.89113089202098,74.59,100,80,4.97
419,sao raimundo nonato,br,-9.083065836503572,-43.23594354011497,65.5,90,0,2.95
420,sinnamary,gf,14.314740548361902,-46.101535327897686,74.5,100,76,17.94
421,svetlogorsk,ru,66.94755320816003,89.7551578448025,-16.76,48,0,4.29
422,farafangana,mg,-23.389269807901808,50.8035030626344,79.9,98,92,22.53
423,sechura,pe,-8.388305471816608,-84.77210653780766,78.91,100,88,14.7
424,amos,ca,48.561321403572684,-78.4609753776351,12.2,51,5,5.82
425,pervomayskiy,ru,55.35549324524223,37.20676316296854,-4.91,83,0,2.24
426,lolua,tv,-4.789805551432298,177.4083948572387,83.86,100,76,9.1
427,carauari,br,-3.821364492349415,-66.56053830562523,75.94,95,68,2.17
428,hopewell,us,37.04926172232964,-77.12357821523348,32.63,68,1,2.39
429,riyadh,sa,24.34907940030107,45.89567314187193,70.18,57,0,4.85
430,kandrian,pg,-5.156897504944508,148.5059471832726,79.36,100,88,6.08
431,halalo,wf,-14.623662723557876,-179.2292342986287,83.86,100,24,7.65
432,mosquera,co,4.2407403185297285,-80.81448903828847,76.3,95,56,4.41
433,shenjiamen,cn,30.95704759749849,123.52169254620676,53.08,97,0,16.49
434,ngukurr,au,-18.70537764500183,135.84801411351276,97.54,36,0,13.02
435,itaituba,br,-5.330632452475497,-55.15284722757558,72.7,97,48,2.17
436,sept-iles,ca,52.972665890099556,-66.18125315426848,6.8,71,90,19.46
437,mbandaka,cd,0.4963108638126734,17.3179468170512,74.23,97,88,0.83
438,broome,au,-19.68999983139892,121.61350532105197,104.92,24,0,5.41
439,itamaraca,br,-7.719749431086927,-33.937676149841344,81.07,100,24,6.76
440,bolivar,us,37.494236335053984,-93.6821149533238,55.4,93,1,10.29
441,sapa,ph,3.3325495582972953,121.50669182123015,84.13,100,12,8.66
442,saint-joseph,re,-30.55795843686015,56.609931110560446,74.5,98,56,16.6
443,pontal do parana,br,-25.86608248846327,-48.16219273154675,77.2,100,92,7.87
444,liverpool,ca,38.574454496252315,-62.28322559536507,50.47,100,92,30.58
445,angul,in,21.132224646585193,84.89929823622066,86.38,58,0,4.63
446,palu,id,-1.5092670033759925,118.99123819836257,84.85,100,0,12.01
447,boca do acre,br,-8.168803487717753,-67.91198503549998,73.33,97,32,2.17
448,codrington,ag,24.246534234035877,-49.114785419816556,72.7,100,56,9.22
449,tabat,sd,14.513773172002555,32.67677885685643,70.81,32,0,9.78
450,senanga,zm,-16.349306381044038,21.95483576918604,71.26,85,0,4.63
451,barranca,pe,-4.652205465794629,-77.28316553230512,76.03,89,68,1.83
452,puerto cabezas,ni,14.272645365738613,-82.68395091003254,79.63,100,68,14.03
453,aykhal,ru,65.60990072918138,109.35313462813075,-0.92,43,24,6.76
454,angoche,mz,-17.52328398206743,39.514866498722746,83.68,100,92,20.51
455,ipora,br,-16.910206247126958,-51.31075672697162,70.36,93,44,2.84
456,wahran,dz,33.15331835403401,-1.2404979908104385,35.35,80,0,17.72
457,ye,mm,15.167703532070933,98.47452592342863,94.39,25,0,2.73
458,sola,vu,-14.14320193155,171.90622669261586,85.03,99,64,12.68
459,san cristobal,ec,-5.972203704356888,-86.95188109393088,81.43,100,0,9.33
460,saint-augustin,ca,56.82033739958085,-59.43559786602153,29.5,93,80,17.83
461,roald,no,70.19531416425163,2.3479435080149247,41.02,99,56,30.91
462,mildura,au,-33.65137015256082,140.73406215307293,87.73,59,0,12.46
463,vargem grande,br,-3.529304390955339,-43.972385134373454,74.68,92,64,2.73
464,nouadhibou,mr,20.08599655814781,-19.39267589937427,66.94,99,0,28.12
465,suba,ph,10.41263331632287,120.82991150822956,82.15,100,0,14.47
466,ngunguru,nz,-32.21319413441994,178.66480018498535,72.16,100,0,15.03
467,puerto narino,co,-3.309524298390248,-71.54550384873194,77.11,94,36,3.85
468,aberdeen,us,45.36764570586801,-97.8060624256862,32,77,90,5.82
469,batticaloa,lk,10.595867946556522,86.55711091529537,81.61,100,8,10.11
470,worcester,za,-33.60842115861326,19.221434850210102,57.2,76,0,3.36
471,manicore,br,-6.462305499027413,-60.75947233481664,72.61,97,92,2.73
472,lagoa,pt,49.543487419762904,-31.35433909851576,46.42,100,92,11.56
473,kuryk,kz,42.55506740477235,50.65547579203967,45.16,100,36,18.16
474,nabire,id,-3.218824591201279,137.06590562313292,73.33,94,88,2.95
475,entre rios,bo,-20.725059951805232,-64.27524545656223,67.84,100,88,2.28
476,adrar,dz,28.571148252206804,-3.7563732256787485,43.9,49,0,6.2
477,shahr-e babak,ir,29.968689394806695,55.58819284772949,51.28,50,56,12.91
478,finschhafen,pg,-7.438254210354993,148.24400554760732,80.71,100,76,1.72
479,harper,lr,-2.0301628762477386,-9.929856135259186,80.53,100,0,7.54
480,pueblo nuevo,mx,23.117597505993118,-105.31969595643668,56.86,63,0,1.05
481,yirol,sd,6.8678762360152685,32.348912661906674,83.23,58,80,13.02
482,taupo,nz,-38.78007048596725,176.00890330193047,55.6,92,68,10.56
483,sena madureira,br,-9.500587127699076,-68.48353935362175,73.24,98,12,2.17
484,elko,us,39.039267253617425,-115.7576105947549,32,94,88,6.93
485,ko samui,th,9.732197482652628,99.70145173269391,87.8,66,20,6.93
486,poum,nc,-21.507480120675055,160.3992632018819,82.06,99,0,5.64
487,mineiros,br,-18.603157389230237,-52.78938461707064,67.84,96,56,3.29
488,charlottesville,us,37.65628564379528,-78.535646524135,31.21,63,1,1.95
489,yatou,cn,35.23649887478112,122.24050951827105,45.79,96,44,13.35
490,tanete,id,-6.286414627245721,120.5938155536187,81.34,100,88,4.74
491,concordia,ar,-31.062851924108486,-58.07246740167433,70.99,82,44,11.68
492,mackenzie,ca,56.361501668453485,-122.42512394771087,30.49,79,68,2.39
493,aswan,eg,22.151375582698314,30.696310675486615,68.47,40,0,12.35
494,nelson bay,au,-34.09769129269311,154.07511475638702,75.4,100,0,12.57
495,hualmay,pe,-16.027038111688245,-85.52150598318865,71.8,100,68,16.6
496,ferme-neuve,ca,48.181064858642586,-75.31056049793132,5.65,47,48,11.45
497,solovetskiy,ru,65.92270237913996,35.56693036797606,12.94,91,24,1.28
498,menongue,ao,-13.25928926871914,18.733546701193,62.89,100,92,3.96
499,coxim,br,-17.98867494240895,-54.338370710426084,75.04,87,44,4.74
